CREATE TABLE MEMBER
(
    M_ID            VARCHAR2(10)         PRIMARY KEY,
    M_NAME          VARCHAR2(50)        NOT NULL,
    M_GENDER        VARCHAR2(3)         NOT NULL,
    M_TEL           NUMBER(11)          NOT NULL,
    M_ADD           VARCHAR2(50)        
);

INSERT INTO MEMBER VALUES('M00001','마석도','M','01011112222','서울특별시 구로구');
INSERT INTO MEMBER VALUES('M00002','장이수','M','01054682463','서울특별시 구로구');
INSERT INTO MEMBER VALUES('M00003','제인 포스터','F','010887756649','뉴욕시 맨해튼');
INSERT INTO MEMBER VALUES('M00004','토르 오딘손','M','01044586795','뉴아스가르드');
INSERT INTO MEMBER VALUES('M00005','매버릭','M','01044668877','캘리포니아 샌프란시스코');
INSERT INTO MEMBER VALUES('M00006','탕웨이','F','01044664524','저장성 항저우시');
INSERT INTO MEMBER VALUES('M00007','박해일','M','01024862456','서울특별시 종로구');
INSERT INTO MEMBER VALUES('M00008','발키리','F','01024336847','뉴아스가르드');

SELECT *
FROM MEMBER;

-- COMMIT;


CREATE TABLE ROOM_TYPE
(
    R_NUM       NUMBER(4)           PRIMARY KEY,
    R_TYPE      VARCHAR(30)         NOT NULL,
    R_PRICE     NUMBER(10)          NOT NULL
);

INSERT INTO ROOM_TYPE VALUES('201', '스탠다드', '100000');
INSERT INTO ROOM_TYPE VALUES('202', '스탠다드', '100000');
INSERT INTO ROOM_TYPE VALUES('203', '스탠다드', '100000');
INSERT INTO ROOM_TYPE VALUES('204', '스탠다드', '100000');
INSERT INTO ROOM_TYPE VALUES('205', '스탠다드', '100000');
INSERT INTO ROOM_TYPE VALUES('206', '스탠다드', '100000');
INSERT INTO ROOM_TYPE VALUES('207', '스탠다드', '100000');

INSERT INTO ROOM_TYPE VALUES('301', '디럭스', '100000');
INSERT INTO ROOM_TYPE VALUES('302', '디럭스', '150000');
INSERT INTO ROOM_TYPE VALUES('303', '디럭스', '150000');
INSERT INTO ROOM_TYPE VALUES('304', '디럭스', '150000');
INSERT INTO ROOM_TYPE VALUES('305', '디럭스', '150000');
INSERT INTO ROOM_TYPE VALUES('306', '디럭스', '150000');
INSERT INTO ROOM_TYPE VALUES('307', '디럭스', '150000');

INSERT INTO ROOM_TYPE VALUES('401', '트윈', '200000');
INSERT INTO ROOM_TYPE VALUES('402', '트윈', '200000');
INSERT INTO ROOM_TYPE VALUES('403', '트윈', '200000');
INSERT INTO ROOM_TYPE VALUES('404', '트윈', '200000');
INSERT INTO ROOM_TYPE VALUES('405', '트윈', '200000');
INSERT INTO ROOM_TYPE VALUES('406', '트윈', '200000');
INSERT INTO ROOM_TYPE VALUES('407', '트윈', '200000');

INSERT INTO ROOM_TYPE VALUES('501', '패밀리', '250000');
INSERT INTO ROOM_TYPE VALUES('502', '패밀리', '250000');
INSERT INTO ROOM_TYPE VALUES('503', '패밀리', '250000');
INSERT INTO ROOM_TYPE VALUES('504', '패밀리', '250000');

INSERT INTO ROOM_TYPE VALUES('601', '스위트', '300000');
INSERT INTO ROOM_TYPE VALUES('602', '스위트', '300000');


SELECT *
FROM ROOM_TYPE;

-- COMMIT;
-- ROLLBACK;


CREATE TABLE RESERVATION
(
    R_IDX           NUMBER(10)          PRIMARY KEY,
    M_ID            VARCHAR(10)         NOT NULL,
    R_NUM           NUMBER(4)           NOT NULL,
    R_DATE          NUMBER(8)           NOT NULL,
    CLASS           VARCHAR2(20)        NOT NULL
);

INSERT INTO RESERVATION VALUES('1', 'M00003', '601', '20220707', 'PLATINUM');
INSERT INTO RESERVATION VALUES('2', 'M00001', '301', '20220710', 'GOLD');
INSERT INTO RESERVATION VALUES('3', 'M00002', '201', '20220710', 'BRONZE');
INSERT INTO RESERVATION VALUES('4', 'M00005', '407', '20220711', 'SILVER');
INSERT INTO RESERVATION VALUES('5', 'M00005', '407', '20220712', 'SILVER');
INSERT INTO RESERVATION VALUES('6', 'M00008', '305', '20220707', 'SILVER');
INSERT INTO RESERVATION VALUES('7', 'M00007', '202', '20220708', 'BRONZE');
INSERT INTO RESERVATION VALUES('8', 'M00006', '602', '20220707', 'VIP');
INSERT INTO RESERVATION VALUES('9', 'M00004', '303', '20220712', 'SILVER');

-- COMMIT;

CREATE TABLE MEMBERSHIP 
(
    
);

