-- 한줄 주석

/*
여러줄 주석
*/

-- 데이터를 어떻게 쌓을 것인가?
-- TABLE 만들기
-- 고객이라는 데이터를 쌓을 공간
-- 데이터베이스 프로그램의 객체
CREATE TABLE CUSTOMERS 
(
    CID     VARCHAR2(6)  NOT NULL  PRIMARY KEY,
    CNAME   VARCHAR2(100)   NOT NULL,
    CTEL    VARCHAR2(20)    NOT NULL,
    GENDER  VARCHAR2(1)     NOT NULL -- 남자:M, 여자:F
);

SELECT * FROM CUSTOMERS;
SELECT * FROM PRODUCT;

--1 첫번째 고객의 등록
INSERT INTO customers VALUES('CUS001', '홍길동', '01012344567', 'M');
-- COMMIT;

--2 두번째 고객의 등록
INSERT INTO customers VALUES('CUS002', '이대호', '01022223333', 'M');
-- COMMIT;

--3 세번째 고객의 등록
INSERT INTO customers VALUES('CUS003', '백설공주', '01044445555', 'F');
-- COMMIT;

/*
IF(A == 5){

}
ELSE{

}
*/

-- 상품 데이터를 만들자.
INSERT INTO PRODUCT VALUES('P00001', '새우깡', 300, 100);
INSERT INTO PRODUCT VALUES('P00002', '사탕', 100, NULL);
INSERT INTO PRODUCT VALUES('P00003', '아이스크림', 200, NULL);
INSERT INTO PRODUCT VALUES('P00004', '샴푸', 4000, 200);
INSERT INTO PRODUCT VALUES('P00005', '초콜릿', 200, 30);

SELECT * FROM PRODUCT;
--COMMIT;

-- 판매를 한다. 고객과 상품 사이에서 발생하는 행위 
CREATE TABLE SALES
(
    SID     CHAR(4)         PRIMARY KEY,
    CID     VARCHAR(6)      NOT NULL,
    PID     VARCHAR(6)      NOT NULL,
    PRICE   NUMBER(12,3)    NOT NULL,
    QTY     INTEGER        NOT NULL
);

INSERT INTO SALES VALUES('S001', 'CUS001', 'P00001', 300, 3, '20220401');
INSERT INTO SALES VALUES('S002', 'CUS002', 'P00002', 100, 2, '20220401');
INSERT INTO SALES VALUES('S003', 'CUS001', 'P00003', 300, 6, '20220402');
INSERT INTO SALES VALUES('S004', 'CUS002', 'P00004', 4000, 1, '20220402');
INSERT INTO SALES VALUES('S005', 'CUS001', 'P00002', 100, 4, '20220403');
INSERT INTO SALES VALUES('S006', 'CUS003', 'P00003', 300, 2, '20220403');
INSERT INTO SALES VALUES('S007', 'CUS003', 'P00001', 300, 3, '20220403');
INSERT INTO SALES VALUES('S008', 'CUS002', 'P00002', 100, 7, '20220404');
INSERT INTO SALES VALUES('S009', 'CUS002', 'P00003', 300, 1, '20220404');
INSERT INTO SALES VALUES('S010', 'CUS001', 'P00004', 4000, 2, '20220405');




UPDATE SALES SET SDATE = '20220401'
WHERE SID = 'S001';

SELECT * FROM SALES;
--COMMIT;


-- 홍길동이 새우깡을 300원 3개 샀어요.


SELECT * FROM customers
WHERE CID = 'CUS002';
